objectid,sort_index,parentid,admin_notes,title,creator,date,description,subject,location,latitude,longitude,source,identifier,type,format,language,rights,rightsstatement,display_template,object_location,image_small,image_thumb,image_alt_text,object_transcript,,,
grinnell_3601,1,,,Denise L. Iverson ’74 and Roxane D. Brown ’74 in the Black Cultural Center,"Henry, George T.",1971,Denise L. Iverson ’74 (at table) and Roxane D. Brown ’74 (at bookshelf) in the Black Cultural Center (BCC).,Black Cultural Center; BCC; ,"Grinnell, IA",41.75300289,-92.72210871,Grinnell College,grinnell:3601,Image;StillImage,image/tiff,eng,"Copyright to this work is held by the author(s), in accordance with United States copyright law (USC 17). Readers of this work have certain rights as defined by the law, including but not limited to fair use (17 USC 107 et seq.).",,image,https://dgobjects.blob.core.windows.net/objs/grinnell_3601_OBJ.tiff,https://dgobjects.blob.core.windows.net/smalls/grinnell_3601_JPG.jpg,https://dgobjects.blob.core.windows.net/thumbs/grinnell_3601_TN.jpg,,,https://digital.grinnell.edu/islandora/object/grinnell:3601/datastream/OBJ,,https://digital.grinnell.edu/islandora/object/grinnell:3601/datastream/TN/view
grinnell_3611,2,,,Andrew Morgan Davis '71 and Professor McKibben at Burling Library,"Henry, George T.",1971,"Andrew Morgan Davis, class of 1971 and Professor McKibben at Burling Library.",Burling Library; Life at Grinnell College,"Grinnell, IA",41.74665973,-92.72017393,Grinnell College,grinnell:3611,Image;StillImage,image/tiff,eng,"Copyright to this work is held by the author(s), in accordance with United States copyright law (USC 17). Readers of this work have certain rights as defined by the law, including but not limited to fair use (17 USC 107 et seq.).",,image,https://dgobjects.blob.core.windows.net/objs/grinnell_3611_OBJ.tiff,https://dgobjects.blob.core.windows.net/smalls/grinnell_3611_JPG.jpg,https://dgobjects.blob.core.windows.net/thumbs/grinnell_3611_TN.jpg,,,https://digital.grinnell.edu/islandora/object/grinnell:3611/datastream/OBJ,,https://digital.grinnell.edu/islandora/object/grinnell:3611/datastream/TN/view
grinnell_3610,3,,,Outside of Burling Library and Forum,"Schultz, John",1974-05-03,Photo of the outside of Burling Library and Forum with Barbara L. Critton '75,Burling Library; Life at Grinnell College; Poweshiek History Preservation Project; forum,"Grinnell, IA",41.74665973,-92.72017393,Grinnell College,grinnell:5160,Image;StillImage,image/tiff,eng,"Copyright to this work is held by the author(s), in accordance with United States copyright law (USC 17). Readers of this work have certain rights as defined by the law, including but not limited to fair use (17 USC 107 et seq.).",,image,https://dgobjects.blob.core.windows.net/objs/grinnell_3610_OBJ.tiff,https://dgobjects.blob.core.windows.net/smalls/grinnell_3610_JPG.jpg,https://dgobjects.blob.core.windows.net/thumbs/grinnell_3610_TN.jpg,,,https://digital.grinnell.edu/islandora/object/grinnell:3610/datastream/OBJ,,https://digital.grinnell.edu/islandora/object/grinnell:3610/datastream/TN/view
grinnell_5555,4,,,Student Sleeping in Burling Library,"Henry, George T.",1969-04-02,Photo of a student sleeping on one of the sofas in Burling Library.,Burling Library; Life at Grinnell; ,"Grinnell, IA",41.74665973,-92.72017393,Grinnell College,grinnell:5555,Image;StillImage,image/tiff,eng,"Copyright to this work is held by the author(s), in accordance with United States copyright law (USC 17). Readers of this work have certain rights as defined by the law, including but not limited to fair use (17 USC 107 et seq.).",,image,,https://dgobjects.blob.core.windows.net/smalls/grinnell_5555_JPG.jpg,https://dgobjects.blob.core.windows.net/thumbs/grinnell_5555_TN.jpg,,,,,
grinnell_12920,5,,,"Students in Forum, March 1969","Mcmullin, Roger",1969-03,"Three African American students sit in the Forum, March 1969. Left to right: Mattye L. Nelson (class of 1969), Karen M. Wooldridge (class of 1972), and L. Sherri DesChaps (class of 1969).",Students; Student Life; Life at Grinnell,"Grinnell, IA",41.74768813,-92.72151893,Grinnell College,grinnell:12920,Image;StillImage,image/tiff,eng,"Copyright to this work is held by the author(s), in accordance with United States copyright law (USC 17). Readers of this work have certain rights as defined by the law, including but not limited to fair use (17 USC 107 et seq.).",,image,https://dgobjects.blob.core.windows.net/objs/grinnell_12920_OBJ.tiff,https://dgobjects.blob.core.windows.net/smalls/grinnell_12920_JPG.jpg,https://dgobjects.blob.core.windows.net/thumbs/grinnell_12920_TN.jpg,,,,,
dg_1711470539,6,,"This WAS a compound parent grinnell:4979 with 5 TIFF ""pages"" but I've converted it to a PDF",Proposal for Black Library,Concerned Black Students,,A proposal for the Randal Morgan Collection in Burling Basement,Concerned Black Students; Burling Library,"Grinnell, IA",,,Grinnell College,grinnell:4979,text,text/pdf,eng,"Copyright to this work is held by the author(s), in accordance with United States copyright law (USC 17). Readers of this work have certain rights as defined by the law, including but not limited to fair use (17 USC 107 et seq.).",,pdf,https://dgobjects.blob.core.windows.net/objs/dg_1711470539_OBJ.pdf,https://dgobjects.blob.core.windows.net/smalls/dg_1711470539_JPG.jpg,https://dgobjects.blob.core.windows.net/thumbs/dg_1711470539_TN.jpg,,,,,
grinnell_4977,7,,,Speakeasy,Concerned Black Students,,An invitation from CBS to Speakeasy,Concerned Black Students; Life at Grinnell,"Grinnell, IA",,,Grinnell College,grinnell:4977,Ephemera;text,text/tiff,eng,"Copyright to this work is held by the author(s), in accordance with United States copyright law (USC 17). Readers of this work have certain rights as defined by the law, including but not limited to fair use (17 USC 107 et seq.).",,image,https://dgobjects.blob.core.windows.net/objs/grinnell_4977_OBJ.tiff,https://dgobjects.blob.core.windows.net/smalls/grinnell_4977_JPG.jpg,https://dgobjects.blob.core.windows.net/thumbs/grinnell_4977_TN.jpg,,,,,
grinnell_26787,8,,,ERA,"Farbes, Hubert '69",1969,"Students examining nature. Left to right: Hubert Farbes '69, Unknown.",Concerned Black Students; Life at Grinnell,"Grinnell, IA",,,Grinnell College,grinnell:26787,Image;StillImage,image/tiff,eng,"Copyright to this work is held by the author(s), in accordance with United States copyright law (USC 17). Readers of this work have certain rights as defined by the law, including but not limited to fair use (17 USC 107 et seq.).",,image,https://dgobjects.blob.core.windows.net/objs/grinnell_26787_OBJ.tiff,https://dgobjects.blob.core.windows.net/smalls/grinnell_26787_JPG.jpg,https://dgobjects.blob.core.windows.net/thumbs/grinnell_26787_TN.jpg,,,,,
grinnell_5002,9,,,Black Expressions,,1969-03,"Photo of Booker T. Carter '71, Ernest T. Weston '71, Gregory M. Coggs '70, Frank E. Thomas '71",Concerned Black Students; Life at Grinnell,"Grinnell, IA",41.74768813,-92.72151893,Grinnell College,grinnell:5002,Image;StillImage,image/tiff,eng,"Copyright to this work is held by the author(s), in accordance with United States copyright law (USC 17). Readers of this work have certain rights as defined by the law, including but not limited to fair use (17 USC 107 et seq.).",,image,https://dgobjects.blob.core.windows.net/objs/grinnell_5002_OBJ.tiff,https://dgobjects.blob.core.windows.net/smalls/grinnell_5002_JPG.jpg,https://dgobjects.blob.core.windows.net/thumbs/grinnell_5002_TN.jpg,,,,,
grinnell_33987,10,,,"Alumni Recitation Hall, late 1960s",Tim Dartshorne;Ernie Rose,1969,"Students in the ARH, late 1960s. Ernie Rose, class of 1971, standing left; Timothy Dartshorne, class of 1971, sitting.",Life at Grinnell,"Grinnell, IA",41.7485205,-92.72209265,Grinnell College,grinnell:33987,Image;StillImage,image/tiff,eng,"Copyright to this work is held by the author(s), in accordance with United States copyright law (USC 17). Readers of this work have certain rights as defined by the law, including but not limited to fair use (17 USC 107 et seq.).",,image,https://dgobjects.blob.core.windows.net/objs/grinnell_33987_OBJ.tiff,https://dgobjects.blob.core.windows.net/smalls/grinnell_33987_JPG.jpg,https://dgobjects.blob.core.windows.net/thumbs/grinnell_33987_TN.jpg,,,,,
grinnell_5161,11,,,"Careda Rolland, Milton Rolland & Edna Haggins",,1974-05-03,"Photo of Careda Rolland '76, Milton P. Rolland '75 & Edna Haggins",Life at Grinnell,"Grinnell, IA",,,Grinnell College,grinnell:5161,Image;StillImage,image/tiff,eng,"Copyright to this work is held by the author(s), in accordance with United States copyright law (USC 17). Readers of this work have certain rights as defined by the law, including but not limited to fair use (17 USC 107 et seq.).",,image,https://dgobjects.blob.core.windows.net/objs/grinnell_5161_OBJ.tiff,https://dgobjects.blob.core.windows.net/smalls/grinnell_5161_JPG.jpg,https://dgobjects.blob.core.windows.net/thumbs/grinnell_5161_TN.jpg,,,,,
,12,,"""N/a"" mark from column A was removed for testing.  This line should get ignored.",Students Eating Outdoors,"George Bergstrom, Duane Taylor, Keith Legget",1971,"Students eating outside. Identified students: Duane Taylor '73 (center), Keith Legget '72 (second from right), George Bergstrom '72 (left).",Life at Grinnell,"Grinnell, IA",,,Grinnell College,N/a,Image;StillImage,image/tiff,eng,"Copyright to this work is held by the author(s), in accordance with United States copyright law (USC 17). Readers of this work have certain rights as defined by the law, including but not limited to fair use (17 USC 107 et seq.).",,image,,,,,,,,
grinnell_5292,13,,,Burling 1970,,1970,Photo of students in Burling library during New Student Days.,Life at Grinnell; Burling Library,"Grinnell, IA",41.74665973,-92.72017393,Grinnell College,grinnell:5292,Image;StillImage,image/tiff,eng,"Copyright to this work is held by the author(s), in accordance with United States copyright law (USC 17). Readers of this work have certain rights as defined by the law, including but not limited to fair use (17 USC 107 et seq.).",,image,https://dgobjects.blob.core.windows.net/objs/grinnell_5292_OBJ.tiff,,https://dgobjects.blob.core.windows.net/thumbs/grinnell_5292_TN.jpg,,,,,
grinnell_5759,14,,,Black Martyr's Weekend,Office of College Relations,1971,Photo of Val Gray Ward speaking at the Black Martyr's Weekend,Life at Grinnell; Black Martyr's Weekend,"Grinnell, IA",,,Grinnell College,grinnell:5759,Image;StillImage,image/tiff,eng,"Copyright to this work is held by the author(s), in accordance with United States copyright law (USC 17). Readers of this work have certain rights as defined by the law, including but not limited to fair use (17 USC 107 et seq.).",,image,https://dgobjects.blob.core.windows.net/objs/grinnell_5759_OBJ.tiff,https://dgobjects.blob.core.windows.net/smalls/grinnell_5759_JPG.jpg,https://dgobjects.blob.core.windows.net/thumbs/grinnell_5759_TN.jpg,,,,,
grinnell_5760,15,,,"Black Martyr's Weekend, 1971",Office of College Relations,1971,"Photograph of Dick Gregory speaking at the Black Martyr's Weekend, 1971.",Life at Grinnell; Black Martyr's Weekend,"Grinnell, IA",,,Grinnell College,grinnell:5760,Image;StillImage,image/tiff,eng,"Copyright to this work is held by the author(s), in accordance with United States copyright law (USC 17). Readers of this work have certain rights as defined by the law, including but not limited to fair use (17 USC 107 et seq.).",,image,https://dgobjects.blob.core.windows.net/objs/grinnell_5760_OBJ.tiff,https://dgobjects.blob.core.windows.net/smalls/grinnell_5760_JPG.jpg,https://dgobjects.blob.core.windows.net/thumbs/grinnell_5760_TN.jpg,,,,,
grinnell_4962,16,,,"Black Martyrs' Weekend, April 2-5, 1971",,1971,Photograph of Dick Gregory speaking at the 1971 Black Martyrs' convocation.,Life at Grinnell; Black Martyr's Weekend,"Grinnell, IA",,,Grinnell College,grinnell:4962,Image;StillImage,image/tiff,eng,"Copyright to this work is held by the author(s), in accordance with United States copyright law (USC 17). Readers of this work have certain rights as defined by the law, including but not limited to fair use (17 USC 107 et seq.).",,image,https://dgobjects.blob.core.windows.net/objs/grinnell_4962_OBJ.tiff,https://dgobjects.blob.core.windows.net/smalls/grinnell_4962_JPG.jpg,https://dgobjects.blob.core.windows.net/thumbs/grinnell_4962_TN.jpg,,,,,
grinnell_4960,17,,,"Black Martyrs' Weekend (April 3, 1969)",,4/3/1969,"Photograph of the Black Martyrs' Weekend Convocation in Herrick Chapel on April 3, 1969.",Life at Grinnell; Black Martyr's Weekend,"Grinnell, IA",41.74764597,-92.72188976,Grinnell College,grinnell:4960,Image;StillImage,image/tiff,eng,"Copyright to this work is held by the author(s), in accordance with United States copyright law (USC 17). Readers of this work have certain rights as defined by the law, including but not limited to fair use (17 USC 107 et seq.).",,image,https://dgobjects.blob.core.windows.net/objs/grinnell_4960_OBJ.tiff,https://dgobjects.blob.core.windows.net/smalls/grinnell_4960_JPG.jpg,https://dgobjects.blob.core.windows.net/thumbs/grinnell_4960_TN.jpg,,,,,
grinnell_5775,18,,,New Student Moving In,"McMullin, Roger",1974,Moving in to dorms during New Student Days.,Life at Grinnell,"Grinnell, IA",41.74992083,-92.72220284,Grinnell College,grinnell:5775,Image;StillImage,image/tiff,eng,"Copyright to this work is held by the author(s), in accordance with United States copyright law (USC 17). Readers of this work have certain rights as defined by the law, including but not limited to fair use (17 USC 107 et seq.).",,image,https://dgobjects.blob.core.windows.net/objs/grinnell_5775_OBJ.tiff,https://dgobjects.blob.core.windows.net/smalls/grinnell_5775_JPG.jpg,https://dgobjects.blob.core.windows.net/thumbs/grinnell_5775_TN.jpg,,,,,
grinnell_10568,19,,,A Mandate for Hypocrisy: The Black Studies Major at Grinnell College,Garrett P. Shelton,1997-11-18,"This is an essay chronicling the history of the black studies major at Grinnell College, with an emphasis on the reasons it had such a short career. It also provides an overview of the CBS Manifesto of 1971.",Life at Grinnell,"Grinnell, IA",,,Grinnell College,grinnell:10568,text; research paper,text/tiff,eng,"Copyright to this work is held by the author(s), in accordance with United States copyright law (USC 17). Readers of this work have certain rights as defined by the law, including but not limited to fair use (17 USC 107 et seq.).",,image,https://dgobjects.blob.core.windows.net/objs/grinnell_10568_OBJ.tiff,https://dgobjects.blob.core.windows.net/smalls/grinnell_10568_JPG.jpg,https://dgobjects.blob.core.windows.net/thumbs/grinnell_10568_TN.jpg,,,,,
grinnell_19465,20,,,Brenda Thomas '69,"Figa, Alenka '12; Galloway, Lily '17; McFate, Mackenzie '18","June 2, 2012","Alumni oral history interview with Brenda Thomas '69. Recorded June 2, 2012.",Life at Grinnell,"Grinnell, IA",,,Grinnell College,grinnell:19465,interview;sound recording-nonmusical,audio/mp3,eng,"Copyright to this work is held by the author(s), in accordance with United States copyright law (USC 17). Readers of this work have certain rights as defined by the law, including but not limited to fair use (17 USC 107 et seq.).",,audio,,,,,,,,
grinnell_31972,21,,,"Burling Library Takeover Commemoration, 2006",,2006,This photograph was taken in 2006 at an event commemorating the 1971 takeover of Burling Library by CBS (Concerned Black Students).,Life at Grinnell; Burling Library,"Grinnell, IA",41.74665973,-92.72017393,Grinnell College,grinnell;31972,Image;StillImage,image/tiff,eng,"Copyright to this work is held by the author(s), in accordance with United States copyright law (USC 17). Readers of this work have certain rights as defined by the law, including but not limited to fair use (17 USC 107 et seq.).",,image,https://dgobjects.blob.core.windows.net/objs/grinnell_31972_OBJ.jpg,,https://dgobjects.blob.core.windows.net/thumbs/grinnell_31972_TN.jpg,,,,,
dg_1711472907,22,,Was compound object grinnell:4932 converted to multi-page PDF,CBS Manifesto and Minutes of Faculty Meeting regarding the Manifesto,Concerned Black Students,1971-11-29,"This includes two versions of the Concerned Black Students' (CBS) Manifesto, the second of which was submitted to the college as a list of demands on the part of black students on campus. A special faculty meeting was held to discuss the demands, the minutes from which also appear here.",Burling Library; Concerned Black Students (CBS);Burling Library Take Over,"Grinnell, IA",41.74665973,-92.72017393,Grinnell College,grinnell:10547,text; miscellaneous document,text/pdf,eng,"Copyright to this work is held by the author(s), in accordance with United States copyright law (USC 17). Readers of this work have certain rights as defined by the law, including but not limited to fair use (17 USC 107 et seq.).",,pdf,https://dgobjects.blob.core.windows.net/objs/dg_1711472907_OBJ.pdf,https://dgobjects.blob.core.windows.net/smalls/dg_1711472907_JPG.jpg,https://dgobjects.blob.core.windows.net/thumbs/dg_1711472907_TN.jpg,,,,,
grinnell_5001,23,,,"CBS Cheerleaders, 1968",,1968,"Photo of CBS cheerleaders, 1968. Front to back: Micki Weston, Unknown, Shirley, Linda Copeland.",Concerned Black Students (CBS); Life at Grinnell,"Grinnell, IA",,,Grinnell College,grinnell:5001,Image;StillImage,image/tiff,eng,"Copyright to this work is held by the author(s), in accordance with United States copyright law (USC 17). Readers of this work have certain rights as defined by the law, including but not limited to fair use (17 USC 107 et seq.).",,image,https://dgobjects.blob.core.windows.net/objs/grinnell_5001_OBJ.tiff,https://dgobjects.blob.core.windows.net/smalls/grinnell_5001_JPG.jpg,https://dgobjects.blob.core.windows.net/thumbs/grinnell_5001_TN.jpg,,,,,
grinnell_1890,24,,,Information Concerning Grinnell College's Buildings And Facilities Including Facts Related To Its History,"Walker, Waldo S.",9/3/1997,"A timeline of facts related to Grinnell College history, including enrollment, tuition, and building information. Includes information on guest speakers on campus, student activism, and the Burling Library Take Over",Life at Grinnell; Burling Library,"Grinnell, IA",,,Grinnell College,grinnell:1890,text; miscellaneous document,application/pdf,eng,"Copyright to this work is held by the author(s), in accordance with United States copyright law (USC 17). Readers of this work have certain rights as defined by the law, including but not limited to fair use (17 USC 107 et seq.).",,pdf,https://dgobjects.blob.core.windows.net/objs/grinnell_1890_OBJ.pdf,,https://dgobjects.blob.core.windows.net/thumbs/grinnell_1890_TN.jpg,,,,,
grinnell_23385,25,,,"Jon Royal '70, Diane Alters '71, Mary Brooner '71 & Sheena Thomas '71","Elias, Benyamin '15;McFate, Mackenzie '18; 	Maly, Nancy '61 ","May 29, 2015","Alumni oral history interview with Jon Royal '70, Diane Alters '71, Mary Brooner '71 & Sheena Thomas '71. Recorded May 29, 2015. These students were a part of an exchange program with the Historically Black College (HBCU) LeMoyne-Owen College. ",,"Grinnell, IA",,,Grinnell College,grinnell:23385,interview;sound recording-nonmusical,audio/mp3,eng,"Copyright to this work is held by the author(s), in accordance with United States copyright law (USC 17). Readers of this work have certain rights as defined by the law, including but not limited to fair use (17 USC 107 et seq.).",,audio,,,,,,,,
grinnell_34345,26,,,"Pterodactyl April 30, 1968",,,"The Pterodactyl was an underground student newspaper published between February 8, 1968 and November 1969. This issue contained an article and a photo of CBS, including Ed Wright. ",Life at Grinnell; Concerned Black Students,"Grinnell, IA",,,Grinnell College,grinnell:34345,mixed material; text,scan/pdf,eng,"Copyright to this work is held by the author(s), in accordance with United States copyright law (USC 17). Readers of this work have certain rights as defined by the law, including but not limited to fair use (17 USC 107 et seq.).",,pdf,,,https://dgobjects.blob.core.windows.net/thumbs/grinnell_34345_TN.jpg,,,,,
grinnell_34341,27,,,"Pterodactyl September 23, 1968",,1968-09-23,"The Pterodactyl was an underground student newspaper published between February 8, 1968 and November 1969. This issue contained articles on the Concerned Black Students (CBS) meeting that stated an a series of objectives including “Project 7-A Black Library to be in-corporated as a part (permanent) or Burling or a separate library. This will 1nolude works by Black writers” ",Life at Grinnell; Concerned Black Students,"Grinnell, IA",,,Grinnell College,grinnell:34341,mixed material; text,scan/pdf,eng,"Copyright to this work is held by the author(s), in accordance with United States copyright law (USC 17). Readers of this work have certain rights as defined by the law, including but not limited to fair use (17 USC 107 et seq.).",,pdf,https://dgobjects.blob.core.windows.net/objs/grinnell_34341_OBJ.pdf,,https://dgobjects.blob.core.windows.net/thumbs/grinnell_34341_TN.jpg,,,,,
grinnell_10586,28,,,An Evening In Ebony,Concerned Black Students,1980-11-01,"The program of ""An Evening in Ebony"", an adaptation of Erma Clanton's ""An Evening of Soul""",Life at Grinnell; Concerned Black Students,"Grinnell, IA",,,Grinnell College,grinnell:10586,text;Ephemera,reformated digital/tiff,eng,"Copyright to this work is held by the author(s), in accordance with United States copyright law (USC 17). Readers of this work have certain rights as defined by the law, including but not limited to fair use (17 USC 107 et seq.).",,image,https://dgobjects.blob.core.windows.net/objs/grinnell_10586_OBJ.tiff,https://dgobjects.blob.core.windows.net/smalls/grinnell_10586_JPG.jpg,https://dgobjects.blob.core.windows.net/thumbs/grinnell_10586_TN.jpg,,,,,
grinnell_20022,29,,,The Liberal Arts College in a World of Change,,10-1967,"The program for the closing event of a three-day long convocation, ""The Liberal Arts College in a World of Change.""",Life at Grinnell; Martin Luther King,"Grinnell, IA",41.75272009,92.71771508,Grinnell College,grinnell:20022,text;program,reformated digital; pdf,eng,"Copyright to this work is held by the author(s), in accordance with United States copyright law (USC 17). Readers of this work have certain rights as defined by the law, including but not limited to fair use (17 USC 107 et seq.).",,pdf,https://dgobjects.blob.core.windows.net/objs/grinnell_20022_OBJ.pdf,,https://dgobjects.blob.core.windows.net/thumbs/grinnell_20022_TN.jpg,,,,,
grinnell_4963,30,,"This is a compound parent with 3 .tiff children, grinnell:10610-10612","Black Martyrs' Weekend 1978 (April 22, 1978) - 3 Photos",,1978-04-22,"Photographs of the 1978 Black Martyrs' Weekend, which included Angela Davis as a speaker.",Life at Grinnell; Black Martyr's Weekend,"Grinnell, IA",,,Grinnell College,grinnell:4963,Image;StillImage,image/tiff,eng,"Copyright to this work is held by the author(s), in accordance with United States copyright law (USC 17). Readers of this work have certain rights as defined by the law, including but not limited to fair use (17 USC 107 et seq.).",,compound_object,,,,,,,,
grinnell_10610,,grinnell_4963,,"Black Martyrs' Weekend 1978 (April 22, 1978) - 1/3",,1978-04-22,Photograph of the 1978 Black Martyrs' Weekend.,Life at Grinnell; Black Martyr's Weekend,"Grinnell, IA",,,Grinnell College,grinnell:10610,Image;StillImage,image/tiff,eng,"Copyright to this work is held by the author(s), in accordance with United States copyright law (USC 17). Readers of this work have certain rights as defined by the law, including but not limited to fair use (17 USC 107 et seq.).",,image,https://dgobjects.blob.core.windows.net/objs/grinnell_10610_OBJ.tiff,https://dgobjects.blob.core.windows.net/smalls/grinnell_10610_JPG.jpg,https://dgobjects.blob.core.windows.net/thumbs/grinnell_10610_TN.jpg,,,,,
grinnell_10611,,grinnell_4963,,"Black Martyrs' Weekend 1978 (April 22, 1978) - 2/3",,1978-04-22,Photograph of the 1978 Black Martyrs' Weekend.,Life at Grinnell; Black Martyr's Weekend,"Grinnell, IA",,,Grinnell College,grinnell:10611,Image;StillImage,image/tiff,eng,"Copyright to this work is held by the author(s), in accordance with United States copyright law (USC 17). Readers of this work have certain rights as defined by the law, including but not limited to fair use (17 USC 107 et seq.).",,image,https://dgobjects.blob.core.windows.net/objs/grinnell_10611_OBJ.tiff,https://dgobjects.blob.core.windows.net/smalls/grinnell_10611_JPG.jpg,https://dgobjects.blob.core.windows.net/thumbs/grinnell_10611_TN.jpg,,,,,
grinnell_10612,,grinnell_4963,,"Black Martyrs' Weekend 1978 (April 22, 1978) - 3/3 ",,1978-04-22,Photograph of the 1978 Black Martyrs' Weekend.,Life at Grinnell; Black Martyr's Weekend,"Grinnell, IA",,,Grinnell College,grinnell:10612,Image;StillImage,image/tiff,eng,"Copyright to this work is held by the author(s), in accordance with United States copyright law (USC 17). Readers of this work have certain rights as defined by the law, including but not limited to fair use (17 USC 107 et seq.).",,image,https://dgobjects.blob.core.windows.net/objs/grinnell_10612_OBJ.tiff,https://dgobjects.blob.core.windows.net/smalls/grinnell_10612_JPG.jpg,https://dgobjects.blob.core.windows.net/thumbs/grinnell_10612_TN.jpg,,,,,
grinnell_4957,31,,"This is a compound parent with 12 .tiff children, grinnell:10556-10567","Black Martyrs' Weekend (April 28-30, 1972) - 12 Photos",,1972-04-28,"This is a series of photographs taken during Grinnell's Black Martyr's Weekend, April 28-30, 1972.",Life at Grinnell; Black Martyr's Weekend,"Grinnell, IA",,,Grinnell College,grinnell:4957,Image;StillImage,image/tiff,eng,"Copyright to this work is held by the author(s), in accordance with United States copyright law (USC 17). Readers of this work have certain rights as defined by the law, including but not limited to fair use (17 USC 107 et seq.).",,compound_object,,,,,,,,
grinnell_10556,,grinnell_4957,,"Black Martyrs' Weekend (April 28-30, 1972) - 1/12",,1972-04-28,"A photograph taken during Grinnell's Black Martyr's Weekend, April 28-30, 1972.",Life at Grinnell; Black Martyr's Weekend,"Grinnell, IA",,,Grinnell College,grinnell:10556,Image;StillImage,image/tiff,eng,"Copyright to this work is held by the author(s), in accordance with United States copyright law (USC 17). Readers of this work have certain rights as defined by the law, including but not limited to fair use (17 USC 107 et seq.).",,image,https://dgobjects.blob.core.windows.net/objs/grinnell_10556_OBJ.tiff,https://dgobjects.blob.core.windows.net/smalls/grinnell_10556_JPG.jpg,https://dgobjects.blob.core.windows.net/thumbs/grinnell_10556_TN.jpg,,,,,
grinnell_10557,,grinnell_4957,,"Black Martyrs' Weekend (April 28-30, 1972) - 2/12",,1972-04-28,"A photograph taken during Grinnell's Black Martyr's Weekend, April 28-30, 1972.",Life at Grinnell; Black Martyr's Weekend,"Grinnell, IA",,,Grinnell College,grinnell:10557,Image;StillImage,image/tiff,eng,"Copyright to this work is held by the author(s), in accordance with United States copyright law (USC 17). Readers of this work have certain rights as defined by the law, including but not limited to fair use (17 USC 107 et seq.).",,image,https://dgobjects.blob.core.windows.net/objs/grinnell_10557_OBJ.tiff,https://dgobjects.blob.core.windows.net/smalls/grinnell_10557_JPG.jpg,https://dgobjects.blob.core.windows.net/thumbs/grinnell_10557_TN.jpg,,,,,
grinnell_10558,,grinnell_4957,,"Black Martyrs' Weekend (April 28-30, 1972) - 3/12",,1972-04-28,"A photograph taken during Grinnell's Black Martyr's Weekend, April 28-30, 1972.",Life at Grinnell; Black Martyr's Weekend,"Grinnell, IA",,,Grinnell College,grinnell:10558,Image;StillImage,image/tiff,eng,"Copyright to this work is held by the author(s), in accordance with United States copyright law (USC 17). Readers of this work have certain rights as defined by the law, including but not limited to fair use (17 USC 107 et seq.).",,image,https://dgobjects.blob.core.windows.net/objs/grinnell_10558_OBJ.tiff,https://dgobjects.blob.core.windows.net/smalls/grinnell_10558_JPG.jpg,https://dgobjects.blob.core.windows.net/thumbs/grinnell_10558_TN.jpg,,,,,
grinnell_10559,,grinnell_4957,,"Black Martyrs' Weekend (April 28-30, 1972) - 4/12",,1972-04-28,"A photograph taken during Grinnell's Black Martyr's Weekend, April 28-30, 1972.",Life at Grinnell; Black Martyr's Weekend,"Grinnell, IA",,,Grinnell College,grinnell:10559,Image;StillImage,image/tiff,eng,"Copyright to this work is held by the author(s), in accordance with United States copyright law (USC 17). Readers of this work have certain rights as defined by the law, including but not limited to fair use (17 USC 107 et seq.).",,image,https://dgobjects.blob.core.windows.net/objs/grinnell_10559_OBJ.tiff,https://dgobjects.blob.core.windows.net/smalls/grinnell_10559_JPG.jpg,https://dgobjects.blob.core.windows.net/thumbs/grinnell_10559_TN.jpg,,,,,
grinnell_10560,,grinnell_4957,,"Black Martyrs' Weekend (April 28-30, 1972) - 5/12",,1972-04-28,"A photograph taken during Grinnell's Black Martyr's Weekend, April 28-30, 1972.",Life at Grinnell; Black Martyr's Weekend,"Grinnell, IA",,,Grinnell College,grinnell:10560,Image;StillImage,image/tiff,eng,"Copyright to this work is held by the author(s), in accordance with United States copyright law (USC 17). Readers of this work have certain rights as defined by the law, including but not limited to fair use (17 USC 107 et seq.).",,image,https://dgobjects.blob.core.windows.net/objs/grinnell_10560_OBJ.tiff,https://dgobjects.blob.core.windows.net/smalls/grinnell_10560_JPG.jpg,https://dgobjects.blob.core.windows.net/thumbs/grinnell_10560_TN.jpg,,,,,
grinnell_10561,,grinnell_4957,,"Black Martyrs' Weekend (April 28-30, 1972) - 6/12",,1972-04-28,"A photograph taken during Grinnell's Black Martyr's Weekend, April 28-30, 1972.",Life at Grinnell; Black Martyr's Weekend,"Grinnell, IA",,,Grinnell College,grinnell:10561,Image;StillImage,image/tiff,eng,"Copyright to this work is held by the author(s), in accordance with United States copyright law (USC 17). Readers of this work have certain rights as defined by the law, including but not limited to fair use (17 USC 107 et seq.).",,image,https://dgobjects.blob.core.windows.net/objs/grinnell_10561_OBJ.tiff,https://dgobjects.blob.core.windows.net/smalls/grinnell_10561_JPG.jpg,https://dgobjects.blob.core.windows.net/thumbs/grinnell_10561_TN.jpg,,,,,
grinnell_10562,,grinnell_4957,,"Black Martyrs' Weekend (April 28-30, 1972) - 7/12",,1972-04-28,"A photograph taken during Grinnell's Black Martyr's Weekend, April 28-30, 1972.",Life at Grinnell; Black Martyr's Weekend,"Grinnell, IA",,,Grinnell College,grinnell:10562,Image;StillImage,image/tiff,eng,"Copyright to this work is held by the author(s), in accordance with United States copyright law (USC 17). Readers of this work have certain rights as defined by the law, including but not limited to fair use (17 USC 107 et seq.).",,image,https://dgobjects.blob.core.windows.net/objs/grinnell_10562_OBJ.tiff,https://dgobjects.blob.core.windows.net/smalls/grinnell_10562_JPG.jpg,https://dgobjects.blob.core.windows.net/thumbs/grinnell_10562_TN.jpg,,,,,
grinnell_10563,,grinnell_4957,,"Black Martyrs' Weekend (April 28-30, 1972) - 8/12",,1972-04-28,"A photograph taken during Grinnell's Black Martyr's Weekend, April 28-30, 1972.",Life at Grinnell; Black Martyr's Weekend,"Grinnell, IA",,,Grinnell College,grinnell:10563,Image;StillImage,image/tiff,eng,"Copyright to this work is held by the author(s), in accordance with United States copyright law (USC 17). Readers of this work have certain rights as defined by the law, including but not limited to fair use (17 USC 107 et seq.).",,image,https://dgobjects.blob.core.windows.net/objs/grinnell_10563_OBJ.tiff,https://dgobjects.blob.core.windows.net/smalls/grinnell_10563_JPG.jpg,https://dgobjects.blob.core.windows.net/thumbs/grinnell_10563_TN.jpg,,,,,
grinnell_10564,,grinnell_4957,,"Black Martyrs' Weekend (April 28-30, 1972) - 9/12",,1972-04-28,"A photograph taken during Grinnell's Black Martyr's Weekend, April 28-30, 1972.",Life at Grinnell; Black Martyr's Weekend,"Grinnell, IA",,,Grinnell College,grinnell:10564,Image;StillImage,image/tiff,eng,"Copyright to this work is held by the author(s), in accordance with United States copyright law (USC 17). Readers of this work have certain rights as defined by the law, including but not limited to fair use (17 USC 107 et seq.).",,image,https://dgobjects.blob.core.windows.net/objs/grinnell_10564_OBJ.tiff,https://dgobjects.blob.core.windows.net/smalls/grinnell_10564_JPG.jpg,https://dgobjects.blob.core.windows.net/thumbs/grinnell_10564_TN.jpg,,,,,
grinnell_10565,,grinnell_4957,,"Black Martyrs' Weekend (April 28-30, 1972) - 10/12",,1972-04-28,"A photograph taken during Grinnell's Black Martyr's Weekend, April 28-30, 1972.",Life at Grinnell; Black Martyr's Weekend,"Grinnell, IA",,,Grinnell College,grinnell:10565,Image;StillImage,image/tiff,eng,"Copyright to this work is held by the author(s), in accordance with United States copyright law (USC 17). Readers of this work have certain rights as defined by the law, including but not limited to fair use (17 USC 107 et seq.).",,image,https://dgobjects.blob.core.windows.net/objs/grinnell_10565_OBJ.tiff,https://dgobjects.blob.core.windows.net/smalls/grinnell_10565_JPG.jpg,https://dgobjects.blob.core.windows.net/thumbs/grinnell_10565_TN.jpg,,,,,
grinnell_10566,,grinnell_4957,,"Black Martyrs' Weekend (April 28-30, 1972) - 11/12",,1972-04-28,"A photograph taken during Grinnell's Black Martyr's Weekend, April 28-30, 1972.",Life at Grinnell; Black Martyr's Weekend,"Grinnell, IA",,,Grinnell College,grinnell:10566,Image;StillImage,image/tiff,eng,"Copyright to this work is held by the author(s), in accordance with United States copyright law (USC 17). Readers of this work have certain rights as defined by the law, including but not limited to fair use (17 USC 107 et seq.).",,image,https://dgobjects.blob.core.windows.net/objs/grinnell_10566_OBJ.tiff,https://dgobjects.blob.core.windows.net/smalls/grinnell_10566_JPG.jpg,https://dgobjects.blob.core.windows.net/thumbs/grinnell_10566_TN.jpg,,,,,
grinnell_10567,,grinnell_4957,,"Black Martyrs' Weekend (April 28-30, 1972) - 12/12",,1972-04-28,"A photograph taken during Grinnell's Black Martyr's Weekend, April 28-30, 1972.",Life at Grinnell; Black Martyr's Weekend,"Grinnell, IA",,,Grinnell College,grinnell:10567,Image;StillImage,image/tiff,eng,"Copyright to this work is held by the author(s), in accordance with United States copyright law (USC 17). Readers of this work have certain rights as defined by the law, including but not limited to fair use (17 USC 107 et seq.).",,image,https://dgobjects.blob.core.windows.net/objs/grinnell_10567_OBJ.tiff,https://dgobjects.blob.core.windows.net/smalls/grinnell_10567_JPG.jpg,https://dgobjects.blob.core.windows.net/thumbs/grinnell_10567_TN.jpg,,,,,
grinnell_4961,32,,,"Black Martyrs' Weekend (April 4, 1970)",,1970-04-04,"Photograph of Lonnie Peek Jr. speaking at the Black Martyrs' Convocation on April 4, 1970.",Life at Grinnell; Black Martyr's Weekend,"Grinnell, IA",,,Grinnell College,grinnell:4961,Image;StillImage,image/tiff,eng,"Copyright to this work is held by the author(s), in accordance with United States copyright law (USC 17). Readers of this work have certain rights as defined by the law, including but not limited to fair use (17 USC 107 et seq.).",,image,https://dgobjects.blob.core.windows.net/objs/grinnell_4961_OBJ.tiff,https://dgobjects.blob.core.windows.net/smalls/grinnell_4961_JPG.jpg,https://dgobjects.blob.core.windows.net/thumbs/grinnell_4961_TN.jpg,,,,,
grinnell_31973,33,,,"Burling Library Takeover Commemoration, 2006",,2006-12-05,"Students commemorate the1971 takeover of Burling Library. December 5, 2006.",Life at Grinnell; Burling Library,"Grinnell, IA",41.74665973,-92.72017393,Grinnell College,grinnell:31973,Image;StillImage,image/tiff,eng,"Copyright to this work is held by the author(s), in accordance with United States copyright law (USC 17). Readers of this work have certain rights as defined by the law, including but not limited to fair use (17 USC 107 et seq.).",,image,https://dgobjects.blob.core.windows.net/objs/grinnell_31973_OBJ.jpg,,https://dgobjects.blob.core.windows.net/thumbs/grinnell_31973_TN.jpg,,,,,
grinnell_12935,34,,,Gregory Coggs and Frank Thomas at the Black Cultural Center,,,"Left to right: Gregory M. Coggs, class of 1970, and Frank E. Thomas, class of 1971, sitting on the front step of the Black Cultural Center (BBC), May 1970.",Life at Grinnell; Black Cultural Center,"Grinnell, IA",41.75300289,-92.72210871,Grinnell College,grinnell:12935,Image;StillImage,image/tiff,eng,"Copyright to this work is held by the author(s), in accordance with United States copyright law (USC 17). Readers of this work have certain rights as defined by the law, including but not limited to fair use (17 USC 107 et seq.).",,image,https://dgobjects.blob.core.windows.net/objs/grinnell_12935_OBJ.tiff,https://dgobjects.blob.core.windows.net/smalls/grinnell_12935_JPG.jpg,https://dgobjects.blob.core.windows.net/thumbs/grinnell_12935_TN.jpg,,,,,
dg_1711478420,35,,Was grinnell:4995 as compound of TIFF images. Converted to PDF.,Grinnell Black Alumni Newsletter 1975,,1975-04,Grinnell Black Alumni Newsletter Vol.2 No.2. Created with the CBS group,Life at Grinnell; Concerned Black Students,"Grinnell, IA",,,Grinnell College,grinnell:4995,newspaper;print,text/pdf,eng,"Copyright to this work is held by the author(s), in accordance with United States copyright law (USC 17). Readers of this work have certain rights as defined by the law, including but not limited to fair use (17 USC 107 et seq.).",,pdf,https://dgobjects.blob.core.windows.net/objs/dg_1711478420_OBJ.pdf,https://dgobjects.blob.core.windows.net/smalls/dg_1711478420_JPG.jpg,https://dgobjects.blob.core.windows.net/thumbs/dg_1711478420_TN.jpg,,,,,
grinnell_5821,36,,,J. Saunders Redding,"Mcmullin, Roger W.",1973-04-13,"Photo of J. Saunders Redding, English faculty, Cornell University speaking at Black Martyr's Week. ack row, from left to right: [unknown], Shirley Johnson Jones, Milton Rolland, Gwen Canter '75. Fron row, left to right: Cheryl Treadwell, Caneda Rolland Taylor. Lecturer is J. Sanders Redding.",Life at Grinnell; Black Martyr's Weekend,"Grinnell, IA",,,Grinnell College,grinnell:5821,Image;StillImage,image/tiff,eng,"Copyright to this work is held by the author(s), in accordance with United States copyright law (USC 17). Readers of this work have certain rights as defined by the law, including but not limited to fair use (17 USC 107 et seq.).",,image,https://dgobjects.blob.core.windows.net/objs/grinnell_5821_OBJ.tiff,https://dgobjects.blob.core.windows.net/smalls/grinnell_5821_JPG.jpg,https://dgobjects.blob.core.windows.net/thumbs/grinnell_5821_TN.jpg,,,,,
grinnell_17282,37,,"A compound (multiple) parent with 2 children, a .tiff and identical .jpg","Skip Day, 1975","Mcmullin, Roger W.",1975-10-07,"Fall Slip Day, October 7, 1975. Young, Gifted, and Black Gospel Choir.","Life at Grinnell; Young, Gifted, and Black Gospel Choir ","Grinnell, IA",41.74768813,-92.72151893,Grinnell College,grinnell:17282,Image;StillImage,image/tiff,eng,"Copyright to this work is held by the author(s), in accordance with United States copyright law (USC 17). Readers of this work have certain rights as defined by the law, including but not limited to fair use (17 USC 107 et seq.).",,multiple,,,,,,,,
grinnell_17283,,grinnell_17282,,"Skip Day, 1975 - TIFF Image",,,,,,,,,,,,,,,image,https://dgobjects.blob.core.windows.net/objs/grinnell_17283_OBJ.tiff,https://dgobjects.blob.core.windows.net/smalls/grinnell_17283_JPG.jpg,https://dgobjects.blob.core.windows.net/thumbs/grinnell_17283_TN.jpg,,,,,
grinnell_17284,,grinnell_17282,,"Skip Day, 1975 - JPG Image",,,,,,,,,,,,,,,image,https://dgobjects.blob.core.windows.net/objs/grinnell_17284_OBJ.jpg,,https://dgobjects.blob.core.windows.net/thumbs/grinnell_17284_TN.jpg,,,,,
grinnell_26673,38,,,"Young, Gifted, and Black Gospel Choir",,,"Students sing during a Young, Gifted, and Black Gospel Choir performance. Bottom Row, Left to Right: Sybill Scott; Arlene Colvin; Shelly?; Richard Patterson?. Top Row Left to Right: Careda Rolland in the glasses; Ricky Stokes, Greg Lee?; Onishous Jones(OJ; Unknown; Dibbs.","Life at Grinnell; Young, Gifted, and Black Gospel Choir ","Grinnell, IA",,,Grinnell College,grinnell:26673,Image;StillImage,image/tiff,eng,"Copyright to this work is held by the author(s), in accordance with United States copyright law (USC 17). Readers of this work have certain rights as defined by the law, including but not limited to fair use (17 USC 107 et seq.).",,image,https://dgobjects.blob.core.windows.net/objs/grinnell_26673_OBJ.jpg,,https://dgobjects.blob.core.windows.net/thumbs/grinnell_26673_TN.jpg,,,,,
grinnell_12919,39,,,Students in Forum,,1969,Three African American students sit in the Forum. Likely early 1970s.,Life at Grinnell,"Grinnell, IA",41.74768813,-92.72151893,Grinnell College,grinnell:12919,Image;StillImage,image/tiff,eng,"Copyright to this work is held by the author(s), in accordance with United States copyright law (USC 17). Readers of this work have certain rights as defined by the law, including but not limited to fair use (17 USC 107 et seq.).",,image,https://dgobjects.blob.core.windows.net/objs/grinnell_12919_OBJ.tiff,https://dgobjects.blob.core.windows.net/smalls/grinnell_12919_JPG.jpg,https://dgobjects.blob.core.windows.net/thumbs/grinnell_12919_TN.jpg,,,,,
grinnell_5291,40,,,Burling interior,,1975-08,Photo of Burling Library interior.,Life at Grinnell; Burling Library,"Grinnell, IA",41.74665973,-92.72017393,Grinnell College,grinnell:5291,Image;StillImage,image/tiff,eng,"Copyright to this work is held by the author(s), in accordance with United States copyright law (USC 17). Readers of this work have certain rights as defined by the law, including but not limited to fair use (17 USC 107 et seq.).",,image,https://dgobjects.blob.core.windows.net/objs/grinnell_5291_OBJ.tiff,,https://dgobjects.blob.core.windows.net/thumbs/grinnell_5291_TN.jpg,,,,,
grinnell_5274,41,,,Burling pre-renovation,,1977-05,Photo of Burling library before renovation. featuring the 20th century room,Life at Grinnell; Burling Library,"Grinnell, IA",42.74665973,-91.72017393,Grinnell College,grinnell:5274,Image;StillImage,image/tiff,eng,"Copyright to this work is held by the author(s), in accordance with United States copyright law (USC 17). Readers of this work have certain rights as defined by the law, including but not limited to fair use (17 USC 107 et seq.).",,image,https://dgobjects.blob.core.windows.net/objs/grinnell_5274_OBJ.tiff,,https://dgobjects.blob.core.windows.net/thumbs/grinnell_5274_TN.jpg,,,,,
grinnell_5577,42,,,Math Homework in Burling,,,Photo of a student doing math homework in Burling Libary.,Life at Grinnell; Burling Library,"Grinnell, IA",42.74665973,-91.72017393,Grinnell College,grinnell:5577,Image;StillImage,image/tiff,eng,"Copyright to this work is held by the author(s), in accordance with United States copyright law (USC 17). Readers of this work have certain rights as defined by the law, including but not limited to fair use (17 USC 107 et seq.).",,image,https://dgobjects.blob.core.windows.net/objs/grinnell_5577_OBJ.tiff,https://dgobjects.blob.core.windows.net/smalls/grinnell_5577_JPG.jpg,https://dgobjects.blob.core.windows.net/thumbs/grinnell_5577_TN.jpg,,,,,
grinnell_5047,43,,,Questions,"Henry, George T.",1977-05,Photo of student studying in Burling '77-'78,Life at Grinnell; Burling Library,"Grinnell, IA",42.74665973,-91.72017393,Grinnell College,grinnell:5047,Image;StillImage,image/tiff,eng,"Copyright to this work is held by the author(s), in accordance with United States copyright law (USC 17). Readers of this work have certain rights as defined by the law, including but not limited to fair use (17 USC 107 et seq.).",,image,https://dgobjects.blob.core.windows.net/objs/grinnell_5047_OBJ.tiff,https://dgobjects.blob.core.windows.net/smalls/grinnell_5047_JPG.jpg,https://dgobjects.blob.core.windows.net/thumbs/grinnell_5047_TN.jpg,,,,,
grinnell_5276,44,,,Twentieth Century Room,"Korab, Baltazar",1962-05,Photo of the Twentieth Century Room in Burling Library at Grinnell College.,Burling Library,"Grinnell, IA",42.74665973,-91.72017393,Grinnell College,grinnell:5276,Image;StillImage,image/tiff,eng,"Copyright to this work is held by the author(s), in accordance with United States copyright law (USC 17). Readers of this work have certain rights as defined by the law, including but not limited to fair use (17 USC 107 et seq.).",,image,https://dgobjects.blob.core.windows.net/objs/grinnell_5276_OBJ.tiff,,https://dgobjects.blob.core.windows.net/thumbs/grinnell_5276_TN.jpg,,,,,
grinnell_23628,45,,,"Commencement, 1972",,1972-05,Students and family at the 1972 Commencement. Robed graduates left to right: LuVernne Vann; Linda Copeland Rozell; Alan D. Wheat; Carl Brennan.,Life at Grinnell,"Grinnell, IA",,,Grinnell College,grinnell:23628,Image;StillImage,image/tiff,eng,"Copyright to this work is held by the author(s), in accordance with United States copyright law (USC 17). Readers of this work have certain rights as defined by the law, including but not limited to fair use (17 USC 107 et seq.).",,image,https://dgobjects.blob.core.windows.net/objs/grinnell_23628_OBJ.tiff,https://dgobjects.blob.core.windows.net/smalls/grinnell_23628_JPG.jpg,https://dgobjects.blob.core.windows.net/thumbs/grinnell_23628_TN.jpg,,,,,
grinnell_34002,46,,,"Commencement, 1975",,1975-05,"Milton ""Butch"" Rolland, class of 1975, left, and Barbara Critton, class of 1975, right, during commencement.",Life at Grinnell,"Grinnell, IA",,,Grinnell College,grinnell:34002,Image;StillImage,image/tiff,eng,"Copyright to this work is held by the author(s), in accordance with United States copyright law (USC 17). Readers of this work have certain rights as defined by the law, including but not limited to fair use (17 USC 107 et seq.).",,image,https://dgobjects.blob.core.windows.net/objs/grinnell_34002_OBJ.tiff,https://dgobjects.blob.core.windows.net/smalls/grinnell_34002_JPG.jpg,https://dgobjects.blob.core.windows.net/thumbs/grinnell_34002_TN.jpg,,,,,
grinnell_23551,47,,,Howie Ward with Pal,,1966,"Howie Ward with rat",Life at Grinnell,"Grinnell, IA",,,Grinnell College,grinnell:23551,Image;StillImage,image/tiff,eng,"Copyright to this work is held by the author(s), in accordance with United States copyright law (USC 17). Readers of this work have certain rights as defined by the law, including but not limited to fair use (17 USC 107 et seq.).",,image,https://dgobjects.blob.core.windows.net/objs/grinnell_23551_OBJ.tiff,https://dgobjects.blob.core.windows.net/smalls/grinnell_23551_JPG.jpg,https://dgobjects.blob.core.windows.net/thumbs/grinnell_23551_TN.jpg,,,,,
grinnell_26760,48,,,"New Student Days, 1975",,1975,New Student Days 1975: Auditorium.,Life at Grinnell,"Grinnell, IA",,,Grinnell College,grinnell:26760,Image;StillImage,image/tiff,eng,"Copyright to this work is held by the author(s), in accordance with United States copyright law (USC 17). Readers of this work have certain rights as defined by the law, including but not limited to fair use (17 USC 107 et seq.).",,image,https://dgobjects.blob.core.windows.net/objs/grinnell_26760_OBJ.tiff,https://dgobjects.blob.core.windows.net/smalls/grinnell_26760_JPG.jpg,https://dgobjects.blob.core.windows.net/thumbs/grinnell_26760_TN.jpg,,,,,
grinnell_23648,49,,,Registration,,1974,Two unidentified students smile during registration.,Life at Grinnell,"Grinnell, IA",,,Grinnell College,grinnell:23648,Image;StillImage,image/tiff,eng,"Copyright to this work is held by the author(s), in accordance with United States copyright law (USC 17). Readers of this work have certain rights as defined by the law, including but not limited to fair use (17 USC 107 et seq.).",,image,https://dgobjects.blob.core.windows.net/objs/grinnell_23648_OBJ.tiff,https://dgobjects.blob.core.windows.net/smalls/grinnell_23648_JPG.jpg,https://dgobjects.blob.core.windows.net/thumbs/grinnell_23648_TN.jpg,,,,,
grinnell_23553,50,,,Scienific Classroom,,1967,"Student, either Roy Walker or Hubert Farbes, using a microscope.",Life at Grinnell,"Grinnell, IA",,,Grinnell College,grinnell:23553,Image;StillImage,image/tiff,eng,"Copyright to this work is held by the author(s), in accordance with United States copyright law (USC 17). Readers of this work have certain rights as defined by the law, including but not limited to fair use (17 USC 107 et seq.).",,image,https://dgobjects.blob.core.windows.net/objs/grinnell_23553_OBJ.tiff,https://dgobjects.blob.core.windows.net/smalls/grinnell_23553_JPG.jpg,https://dgobjects.blob.core.windows.net/thumbs/grinnell_23553_TN.jpg,,,,,
grinnell_34465,51,,,Student Life,,,"Russell McGregor, class of 1973.",Life at Grinnell,"Grinnell, IA",,,Grinnell College,grinnell:34465,Image;StillImage,image/tiff,eng,"Copyright to this work is held by the author(s), in accordance with United States copyright law (USC 17). Readers of this work have certain rights as defined by the law, including but not limited to fair use (17 USC 107 et seq.).",,image,https://dgobjects.blob.core.windows.net/objs/grinnell_34465_OBJ.tiff,https://dgobjects.blob.core.windows.net/smalls/grinnell_34465_JPG.jpg,https://dgobjects.blob.core.windows.net/thumbs/grinnell_34465_TN.jpg,,,,,
grinnell_23620,52,,,Students at check in desk,,1973-08,Four students wait for information,Life at Grinnell,"Grinnell, IA",,,Grinnell College,grinnell:23620,Image;StillImage,image/tiff,eng,"Copyright to this work is held by the author(s), in accordance with United States copyright law (USC 17). Readers of this work have certain rights as defined by the law, including but not limited to fair use (17 USC 107 et seq.).",,image,https://dgobjects.blob.core.windows.net/objs/grinnell_23620_OBJ.tiff,https://dgobjects.blob.core.windows.net/smalls/grinnell_23620_JPG.jpg,https://dgobjects.blob.core.windows.net/thumbs/grinnell_23620_TN.jpg,,,,,
grinnell_23622,53,,,Students chat,,1973-08,Two students chat during registration,Life at Grinnell,"Grinnell, IA",,,Grinnell College,grinnell:23622,Image;StillImage,image/tiff,eng,"Copyright to this work is held by the author(s), in accordance with United States copyright law (USC 17). Readers of this work have certain rights as defined by the law, including but not limited to fair use (17 USC 107 et seq.).",,image,https://dgobjects.blob.core.windows.net/objs/grinnell_23622_OBJ.tiff,https://dgobjects.blob.core.windows.net/smalls/grinnell_23622_JPG.jpg,https://dgobjects.blob.core.windows.net/thumbs/grinnell_23622_TN.jpg,,,,,
grinnell_12933,54,,,"Students in Forum, 1973",,1973-12-12,"Students in the Forum, December 12, 1973. Clockwise: Carol R. Breazeal, class of 1975; Lawrence R. Huntoon, class of 1974; Artace L. Kelting, class of 1976; Phyllis E. Dawson, class of 1974; Craig D. Zippe, class of 1976",Life at Grinnell,"Grinnell, IA",,,Grinnell College,grinnell:12933,Image;StillImage,image/tiff,eng,"Copyright to this work is held by the author(s), in accordance with United States copyright law (USC 17). Readers of this work have certain rights as defined by the law, including but not limited to fair use (17 USC 107 et seq.).",,image,https://dgobjects.blob.core.windows.net/objs/grinnell_12933_OBJ.tiff,https://dgobjects.blob.core.windows.net/smalls/grinnell_12933_JPG.jpg,https://dgobjects.blob.core.windows.net/thumbs/grinnell_12933_TN.jpg,,,,,
grinnell_5894,55,,,South Campus dining hall,,1974,Students studying and eating in the dining hall on South Campus. One of the demands in the black manifesto focused on dining services. ,Life at Grinnell,"Grinnell, IA",,,Grinnell College,grinnell:5894,Image;StillImage,image/tiff,eng,"Copyright to this work is held by the author(s), in accordance with United States copyright law (USC 17). Readers of this work have certain rights as defined by the law, including but not limited to fair use (17 USC 107 et seq.).",,image,https://dgobjects.blob.core.windows.net/objs/grinnell_5894_OBJ.tiff,,https://dgobjects.blob.core.windows.net/thumbs/grinnell_5894_TN.jpg,,,,,
grinnell_5045,56,,,Black Expressions 34,,1972-04,Photo of Allen S. Hammond '72 and Duane T. Taylor '73,Life at Grinnell,"Grinnell, IA",,,Grinnell College,grinnell:5045,Image;StillImage,image/tiff,eng,"Copyright to this work is held by the author(s), in accordance with United States copyright law (USC 17). Readers of this work have certain rights as defined by the law, including but not limited to fair use (17 USC 107 et seq.).",,image,https://dgobjects.blob.core.windows.net/objs/grinnell_5045_OBJ.tiff,https://dgobjects.blob.core.windows.net/smalls/grinnell_5045_JPG.jpg,https://dgobjects.blob.core.windows.net/thumbs/grinnell_5045_TN.jpg,,,,,
grinnell_5768,57,,,David Weston and Mary Gae Wyly in the Library,"Mcmullin, Roger W.",1972-04,"David Weston, class of 1973, and Mary Gae Wyly, reference librarian, looking through the library catalog. Wyly was reportedly one of the librarians who worked on reorganizing and expanding the Black Library. ",Life at Grinnell; Burling Library,"Grinnell, IA",,,Grinnell College,grinnell:5768,Image;StillImage,image/tiff,eng,"Copyright to this work is held by the author(s), in accordance with United States copyright law (USC 17). Readers of this work have certain rights as defined by the law, including but not limited to fair use (17 USC 107 et seq.).",,image,https://dgobjects.blob.core.windows.net/objs/grinnell_5768_OBJ.tiff,https://dgobjects.blob.core.windows.net/smalls/grinnell_5768_JPG.jpg,https://dgobjects.blob.core.windows.net/thumbs/grinnell_5768_TN.jpg,,,,,
grinnell_5003,58,,,Irma McClaurin,"Sableman, Mark S.",1972,Photo of Irma McClaurin '72. McClaurin was an active member of CBS and participated in the Burling Library Take Over,Life at Grinnell,"Grinnell, IA",,,Grinnell College,grinnell:5003,Image;StillImage,image/tiff,eng,"Copyright to this work is held by the author(s), in accordance with United States copyright law (USC 17). Readers of this work have certain rights as defined by the law, including but not limited to fair use (17 USC 107 et seq.).",,image,https://dgobjects.blob.core.windows.net/objs/grinnell_5003_OBJ.tiff,https://dgobjects.blob.core.windows.net/smalls/grinnell_5003_JPG.jpg,https://dgobjects.blob.core.windows.net/thumbs/grinnell_5003_TN.jpg,,,,,
grinnell_5770,59,,,Mfon Sbangha,"Mcmullin, Roger W.",04-1972,"Mfon Sbangha, class of 1974, at a microscope.",Life at Grinnell,"Grinnell, IA",,,Grinnell College,grinnell:5770,Image;StillImage,image/tiff,eng,"Copyright to this work is held by the author(s), in accordance with United States copyright law (USC 17). Readers of this work have certain rights as defined by the law, including but not limited to fair use (17 USC 107 et seq.).",,image,https://dgobjects.blob.core.windows.net/objs/grinnell_5770_OBJ.tiff,https://dgobjects.blob.core.windows.net/smalls/grinnell_5770_JPG.jpg,https://dgobjects.blob.core.windows.net/thumbs/grinnell_5770_TN.jpg,,,,,
,60,,,Scarlet & Black Dec 1 1971 v80 n 15,,1971-12-01,View of Burling from outside the library during the take over from the December 1st 1971 edition of the Scarlet & Black ,Burling Library; Concerned Black Students (CBS);Burling Library Take Over,"Grinnell, IA",,,Grinnell College,,Text; newspaper,scan/pdf,eng,"Copyright to this work is held by the author(s), in accordance with United States copyright law (USC 17). Readers of this work have certain rights as defined by the law, including but not limited to fair use (17 USC 107 et seq.).",,pdf,,,,,,,,
,61,,,Scarlet & Black September 22 1972 v81 n 5,,1972-09-22,"Photo of Black library as it was in fall 1972, published in the Scarlet and Black",Burling Library,"Grinnell, IA",,,Grinnell College,,Text; newspaper,scan/pdf,eng,"Copyright to this work is held by the author(s), in accordance with United States copyright law (USC 17). Readers of this work have certain rights as defined by the law, including but not limited to fair use (17 USC 107 et seq.).",,pdf,,,,,,,,
,62,,,Scarlet & Black Feburary  11 1972 v80 n 20,,1972-02-11,The Scarlet and Black article  “Enlarge the black library?” discussed the debate around the size of the Black library collection and included a sketch of  three shelves the first iteration of the Black Library occupied. Published in the 2/11/1972 edition. ,Burling Library,"Grinnell, IA",,,Grinnell College,,Text; newspaper,scan/pdf,eng,"Copyright to this work is held by the author(s), in accordance with United States copyright law (USC 17). Readers of this work have certain rights as defined by the law, including but not limited to fair use (17 USC 107 et seq.).",,pdf,,,,,,,,
,63,,,Scarlet & Black Feburary  18 1972 v80 n 21,,1972-02-18,Dean Walker address the students who were reshelving books in the Twentieth Century Room to protest the lack of a Black Library. Published in 2/18/1972 edition of the Scarlet and Black,Burling Library; Concerned Black Students (CBS);Burling Library Take Over,"Grinnell, IA",,,Grinnell College,,Text; newspaper,scan/pdf,eng,"Copyright to this work is held by the author(s), in accordance with United States copyright law (USC 17). Readers of this work have certain rights as defined by the law, including but not limited to fair use (17 USC 107 et seq.).",,pdf,,,,,,,,
,64,,,Scarlet & Black Dec 7 1971 ,,1971-12-07,"On page 1: ""Blacks, SGA Meet with Trustees"", Page 4: President Glenn Leggett's response to the demands in the Black Manifesto, including the institution of a Black Library",Burling Library Take Over,"Grinnell, IA",,,Grinnell College,,Text; newspaper,scan/pdf,eng,"Copyright to this work is held by the author(s), in accordance with United States copyright law (USC 17). Readers of this work have certain rights as defined by the law, including but not limited to fair use (17 USC 107 et seq.).",,pdf,,,,,,,,
,65,,,Scarlet & Black Feburary  18 1972 v80 n 21 page 4,,1972-02-18,Includes Editorial about the Black Library,Burling Library,"Grinnell, IA",,,Grinnell College,,Text; newspaper,scan/pdf,eng,"Copyright to this work is held by the author(s), in accordance with United States copyright law (USC 17). Readers of this work have certain rights as defined by the law, including but not limited to fair use (17 USC 107 et seq.).",,pdf,,,,,,,,
,66,,,Scarlet & Black Feburary 25 1972 page 4,,1972-02-25,"""Lalonde Expand Library Statement"" letter to the editor by G.V. Lalonde about the library committee meeting held on 2/17/1972 to discuss the black library",Burling Library,"Grinnell, IA",,,Grinnell College,,Text; newspaper,scan/pdf,eng,"Copyright to this work is held by the author(s), in accordance with United States copyright law (USC 17). Readers of this work have certain rights as defined by the law, including but not limited to fair use (17 USC 107 et seq.).",,pdf,,,,,,,,
,67,,,Scarlet & Black Feburary 25 1972 page 6,,1972-02-25,"""Wright Discusses Black Views"" Lawerence Wright, president of CBS, gave an interview about the Black manifesto demands, including the Black Library",Burling Library,"Grinnell, IA",,,Grinnell College,,Text; newspaper,scan/pdf,eng,"Copyright to this work is held by the author(s), in accordance with United States copyright law (USC 17). Readers of this work have certain rights as defined by the law, including but not limited to fair use (17 USC 107 et seq.).",,pdf,,,,,,,,
,68,,,"Scarlet & Black March 3, 1972 page 7",,1972-03-03,"""Propose Small Black Library"" Article providing updates on the black library",Burling Library,"Grinnell, IA",,,Grinnell College,,Text; newspaper,scan/pdf,eng,"Copyright to this work is held by the author(s), in accordance with United States copyright law (USC 17). Readers of this work have certain rights as defined by the law, including but not limited to fair use (17 USC 107 et seq.).",,pdf,,,,,,,,
,69,,,Scarlet and Black December 8 1972 page 2,,1972-12-08,"""Barlow: Vibrant, Varied Emotions"" Article by Irma McClaurin about Barlow's public reading in the Black Library. Includes picture of the Black Library behind Barlow. ",Burling Library,"Grinnell, IA",42.74665973,-91.72017393,Grinnell College,,Text; newspaper,scan/pdf,eng,"Copyright to this work is held by the author(s), in accordance with United States copyright law (USC 17). Readers of this work have certain rights as defined by the law, including but not limited to fair use (17 USC 107 et seq.).",,pdf,,,,,,,,
,70,,,,,,,,,,,,,,,,,,,,,,,,,,
,71,,,,,,,,,,,,,,,,,,,,,,,,,,
,72,,,,,,,,,,,,,,,,,,,,,,,,,,
,73,,,,,,,,,,,,,,,,,,,,,,,,,,
,74,,,,,,,,,,,,,,,,,,,,,,,,,,
,75,,,,,,,,,,,,,,,,,,,,,,,,,,
,76,,,,,,,,,,,,,,,,,,,,,,,,,,
,77,,,,,,,,,,,,,,,,,,,,,,,,,,
,78,,,,,,,,,,,,,,,,,,,,,,,,,,
,79,,,,,,,,,,,,,,,,,,,,,,,,,,
,80,,,,,,,,,,,,,,,,,,,,,,,,,,
,81,,,,,,,,,,,,,,,,,,,,,,,,,,
,82,,,,,,,,,,,,,,,,,,,,,,,,,,
,83,,,,,,,,,,,,,,,,,,,,,,,,,,
,84,,,,,,,,,,,,,,,,,,,,,,,,,,
,85,,,,,,,,,,,,,,,,,,,,,,,,,,
,86,,,,,,,,,,,,,,,,,,,,,,,,,,
,87,,,,,,,,,,,,,,,,,,,,,,,,,,
,88,,,,,,,,,,,,,,,,,,,,,,,,,,
,89,,,,,,,,,,,,,,,,,,,,,,,,,,
,90,,,,,,,,,,,,,,,,,,,,,,,,,,
,91,,,,,,,,,,,,,,,,,,,,,,,,,,
,92,,,,,,,,,,,,,,,,,,,,,,,,,,
,93,,,,,,,,,,,,,,,,,,,,,,,,,,
,94,,,,,,,,,,,,,,,,,,,,,,,,,,
,95,,,,,,,,,,,,,,,,,,,,,,,,,,
,96,,,,,,,,,,,,,,,,,,,,,,,,,,
,97,,,,,,,,,,,,,,,,,,,,,,,,,,